{
  "clear_legit": {
    "D8": null,
    "uid_M3_ct": 0.0286023656870335,
    "uid_day_of_week_TransactionAmt_std": -0.3275886132096244,
    "uid_C14_mean": 1.4957086563417352,
    "uid_C11_rel": 0.8305065067044941,
    "D10": 1.6593258232444934,
    "uid_DeviceType_freq": null,
    "card6": "debit",
    "D15": 3.1878198247894067,
    "uid_C13_mean": 3.6673016148985935,
    "uid_C13_std": 5.682564805904937,
    "ProductCD_TransactionAmt_rel": -0.46055722744791,
    "id_19": null,
    "card1": -0.6832526495822476,
    "C1": 0.9651014383737188,
    "id_18": null,
    "uid_C12_rel": 1.22963811140286,
    "uid_id_30_ct": -0.324606918779822,
    "id_30": "missing",
    "P_emaildomain": "att.net",
    "D4": 3.5060683736049465,
    "uid_id_31_ct": -0.3607402285353238,
    "uid_DeviceInfo_ct": -0.3038863606326614,
    "addr2": 0.0740980283709373,
    "D14": null,
    "V_PCA_13": -0.003068894036654,
    "C9": 7.227622698120357,
    "uid_TransactionAmt_rel": null,
    "day_of_week": -0.9626193477440396,
    "uid_M4_ct": -1.1023315129567213,
    "C5": 8.199048016144577,
    "id_21": null,
    "uid_C5_std": 7.831465094634038,
    "M1": "T",
    "uid_C7_rel": null,
    "D13": null,
    "uid_TransactionAmt_mean": -0.5024477155703587,
    "M4": "missing",
    "uid_C9_std": 6.744085665359491,
    "uid_C14_rel": 0.8537067255525022,
    "id_38": "missing",
    "V_PCA_10": -0.0900288497585694,
    "ProductCD_TransactionAmt_mean": 0.425126962033268,
    "V_PCA_2": -0.0667272688636265,
    "M6": "T",
    "D7": null,
    "uid_C3_mean": -0.0383636487515391,
    "uid_M9_ct": 0.3174867158333398,
    "DecimalPlaces": 0.6661332232904296,
    "V_PCA_12": 0.0784878327011289,
    "card4": "visa",
    "id_05": null,
    "id_15": "missing",
    "D9": null,
    "uid_TransactionAmt_std": -0.4383214156625012,
    "id_02": null,
    "R_emaildomain": "missing",
    "addr1": -0.9802716564183056,
    "V_PCA_8": -0.1004148321552455,
    "DeviceType": "missing",
    "uid_C7_std": -0.0613643383312521,
    "id_07": null
  },
  "borderline": {
    "D8": 5.407045301293882,
    "uid_M3_ct": -1.3277648576985566,
    "uid_day_of_week_TransactionAmt_std": -0.3275886132096244,
    "uid_C14_mean": 0.559864279125065,
    "uid_C11_rel": null,
    "D10": -0.6789261819704688,
    "uid_DeviceType_freq": -0.1294417392180345,
    "card6": "credit",
    "D15": -0.8077119325620048,
    "uid_C13_mean": 0.0122045076441632,
    "uid_C13_std": -0.2633633650057997,
    "ProductCD_TransactionAmt_rel": 1.2628807589365898,
    "id_19": -0.9718865527500964,
    "card1": -0.6442823311205628,
    "C1": 0.4335405930670309,
    "id_18": -0.7925125573909582,
    "uid_C12_rel": null,
    "uid_id_30_ct": 0.703642046317702,
    "id_30": "Windows 7",
    "P_emaildomain": "hotmail.com",
    "D4": -0.7326267421716963,
    "uid_id_31_ct": 0.0168038907283616,
    "uid_DeviceInfo_ct": 0.0647304745182033,
    "addr2": 0.0740980283709373,
    "D14": null,
    "V_PCA_13": -8.548811731087788e-05,
    "C9": -0.2686819589640997,
    "uid_TransactionAmt_rel": null,
    "day_of_week": 0.5123276692734147,
    "uid_M4_ct": -1.1023315129567213,
    "C5": -0.2160598752163468,
    "id_21": null,
    "uid_C5_std": -0.2529817888252907,
    "M1": "missing",
    "uid_C7_rel": null,
    "D13": 14.244097737020438,
    "uid_TransactionAmt_mean": 1.2834211642085385,
    "M4": "missing",
    "uid_C9_std": -0.2674121624785484,
    "uid_C14_rel": null,
    "id_38": "T",
    "V_PCA_10": 1.0261294468659912,
    "ProductCD_TransactionAmt_mean": 1.058681831856626,
    "V_PCA_2": 0.0924000608541145,
    "M6": "missing",
    "D7": -0.4174666344665407,
    "uid_C3_mean": -0.0383636487515391,
    "uid_M9_ct": -1.198761213195641,
    "DecimalPlaces": -0.8126381096767504,
    "V_PCA_12": -0.5504869419205932,
    "card4": "visa",
    "id_05": 1.0256346984610367,
    "id_15": "Found",
    "D9": 0.3332797721174963,
    "uid_TransactionAmt_std": -0.4383214156625012,
    "id_02": 0.3498714555773406,
    "R_emaildomain": "hotmail.com",
    "addr1": 0.3367984839287545,
    "V_PCA_8": -0.2426294553087197,
    "DeviceType": "desktop",
    "uid_C7_std": -0.0613643383312521,
    "id_07": null
  },
  "clear_fraud": {
    "D8": null,
    "uid_M3_ct": -1.3277648576985566,
    "uid_day_of_week_TransactionAmt_std": -0.1866877311111183,
    "uid_C14_mean": 0.1246042303215932,
    "uid_C11_rel": 7.049652405707254,
    "D10": null,
    "uid_DeviceType_freq": 0.1797030555284819,
    "card6": "debit",
    "D15": -0.8077119325620048,
    "uid_C13_mean": -0.1281597970292784,
    "uid_C13_std": 1.5152154337299302,
    "ProductCD_TransactionAmt_rel": 0.4688239684544251,
    "id_19": 1.565413950419331,
    "card1": 1.2213961610974764,
    "C1": 20.55049821756098,
    "id_18": null,
    "uid_C12_rel": 7.134904408966967,
    "uid_id_30_ct": -0.324606918779822,
    "id_30": "missing",
    "P_emaildomain": "gmail.com",
    "D4": -0.7326267421716963,
    "uid_id_31_ct": 7.945230395265757,
    "uid_DeviceInfo_ct": 16.283871221156254,
    "addr2": null,
    "D14": -0.4234749505188291,
    "V_PCA_13": -0.0020934529135599,
    "C9": -0.2686819589640997,
    "uid_TransactionAmt_rel": 1.255960056800019,
    "day_of_week": 1.0039766749458994,
    "uid_M4_ct": 1.5816250539048762,
    "C5": -0.2160598752163468,
    "id_21": null,
    "uid_C5_std": -0.2529817888252907,
    "M1": "missing",
    "uid_C7_rel": 7.092079913514966,
    "D13": -0.2647576907283282,
    "uid_TransactionAmt_mean": -0.4964662662225088,
    "M4": "M0",
    "uid_C9_std": -0.2674121624785484,
    "uid_C14_rel": 7.016468447049986,
    "id_38": "F",
    "V_PCA_10": -0.0950967498035373,
    "ProductCD_TransactionAmt_mean": -2.2884550254831524,
    "V_PCA_2": -0.0704277348888365,
    "M6": "missing",
    "D7": null,
    "uid_C3_mean": -0.0383636487515391,
    "uid_M9_ct": -1.198761213195641,
    "DecimalPlaces": 2.1449045562576097,
    "V_PCA_12": -0.0073458347942077,
    "card4": "visa",
    "id_05": -0.3077399558980661,
    "id_15": "New",
    "D9": null,
    "uid_TransactionAmt_std": -0.2460691080656763,
    "id_02": -0.5244843657890976,
    "R_emaildomain": "gmail.com",
    "addr1": null,
    "V_PCA_8": -0.1188304586282659,
    "DeviceType": "desktop",
    "uid_C7_std": 6.3525235419850095,
    "id_07": null
  }
}